Time	stat-140323-165754-Porta90-1.txt	stat-140323-170110-Porta90-2.txt	stat-140323-170443-Porta90-3.txt	stat-140323-170827-Porta90-4.txt	stat-140323-171146-Porta90-5.txt	stat-140323-171538-Porta90-6.txt	stat-140323-172116-Porta90-7.txt	stat-140323-172430-Porta90-8.txt	stat-140323-175630-Porta90-9.txt	stat-140323-180112-Porta90-10.txt	stat-140323-180435-Porta90-11.txt	stat-140323-181113-Porta90-12.txt	stat-140323-181502-Porta90-13.txt	stat-140323-181815-Porta90-14.txt	stat-140323-182337-Porta90-15.txt	stat-140323-182724-Porta90-16.txt	stat-140323-183053-Porta90-17.txt	stat-140323-183416-Porta90-18.txt	stat-140323-184039-Porta90-19.txt	stat-140323-211037-Porta90-20.txt	stat-140323-211944-Porta90-21.txt	stat-140323-212256-Porta90-22.txt	stat-140323-212658-Porta90-23.txt	stat-140323-213104-Porta90-24.txt	stat-140323-213427-Porta90-25.txt	stat-140323-213801-Porta90-26.txt	stat-140323-214220-Porta90-27.txt	stat-140323-214643-Porta90-28.txt	stat-140323-215116-Porta90-29.txt	stat-140323-215431-Porta90-30.txt
0	1212336	1342888	1720236	1419136	2710068	1623424	1560920	1516276	833960	1347648	1160976	1238712	1727748	1109204	1527956	1597588	1038172	1053440	1327324	1237656	1223120	1380784	1767952	1271944	2628620	758056	1544624	1385428	1827568	1157416	
1	1890524	1561644	1764212	1751188	857156	1545516	1595988	1126276	996500	1675128	1123644	1696880	1532564	978484	1243192	1130580	1564924	1102252	1578316	1141168	900880	1497460	1136288	1133028	1900308	1464244	1950000	1051164	1402208	1390888	
2	1289704	1022456	1352672	1177256	1465036	1151256	1342288	602516	1672392	1466204	934296	1287740	1396124	1432736	1620000	1140956	1630304	1289484	1375476	1592556	1040192	2135704	1071668	1402680	1549816	1426640	1230532	1951928	1709812	1476152	
3	1041808	1729160	1014984	1189196	1533824	1506552	1455684	728136	891108	1685160	1198892	1287732	1465360	1753240	1683840	1329724	1240248	1321116	1186960	1545108	1764124	764948	1387800	1347648	1455528	1788092	1707144	1698036	1514596	1512784	
4	1127664	1201688	1513992	1577288	1397888	1276888	1736180	1036664	711920	556892	1623340	1157396	1147976	1819684	1086324	1261120	1373728	1299800	1021440	1322080	1478264	1187848	1119644	1614592	1655312	1464884	1494588	1472944	1189884	1354956	
5	1267980	0	2027956	1412604	1485424	1334092	1145736	1111140	931424	0	899284	1726828	2090644	1317880	1627660	1207920	1468128	1211252	193104	1839616	1305880	1442824	1763896	1648048	1697264	1200392	1903528	1687200	1090240	1807816	
6	1758476	573852	1216576	2311492	1501056	1567332	1874648	1728792	1749252	1142656	983740	1068912	1211116	1742952	1588428	1900944	941280	1612840	1438164	1281956	1671592	1244320	1468236	1561572	1752700	1407632	1128072	1318196	2030228	1884572	
7	1098060	1744516	1620732	1437648	1376432	1260460	1339836	1216972	2167460	1692148	1041024	2201364	2076168	1972204	744336	1157496	1482232	1314140	1058780	1115568	1380424	2239356	1531604	1312964	1973556	1719208	1350464	2185632	1628076	1485524	
8	1006496	1247420	1511292	1812240	1485080	1425412	1395692	1230508	1019300	1474364	1330020	1113880	1162484	1305280	1392684	1175924	1767140	1391504	1565868	1387068	1592496	1007404	1247312	929632	1222100	1635140	1362828	1167772	1366260	1464016	
9	1026856	1486056	1252760	1207220	2219500	1304544	2312508	782732	844600	1305044	1421692	1606788	1458484	959524	2016904	1479172	1505840	1619960	1204380	1771936	1701884	1444828	1414188	1357428	1601556	1272008	1792232	1317996	1214024	1059112	
10	349792	1162892	1541188	0	1112256	1338104	2047204	1036672	321884	1733948	670076	1499020	1412992	1134428	1132484	1921612	1220340	1700024	1389252	1515248	1666460	1607536	1590156	1604800	0	1495440	1742672	1138416	1154596	0	
11	1943904	1283420	693748	449736	1844828	1193364	1196364	1068516	1528464	1603452	0	1152764	1133440	1489764	1146176	1977412	1386896	1373336	1272252	876936	932444	1399856	2140060	1663108	0	1653124	1388244	1026820	1256860	408144	
12	1225856	1415104	1525160	1900000	1278164	892016	1663716	1291344	1434128	1344232	0	1596328	0	1562304	1691468	1090532	1451792	122936	1723300	1238296	1125572	1564812	1164388	1403884	1474360	1766560	0	1920212	2274144	1380904	
13	2068456	1504672	1818656	1461828	2468408	1556052	1973184	1461920	1381140	1374440	230492	1173064	0	2171872	2135592	1251256	1776188	1436428	1446488	1590880	1162100	479952	1959112	1396544	1773052	1978500	0	1548476	907172	1616840	
14	1440420	1638312	620036	1533760	1247964	1113644	1190252	1085252	1097488	1243080	1599608	1150340	1537680	2024140	1668768	1320604	930916	1582640	1268096	1709216	1412276	0	1738052	803264	1701052	890144	0	970164	1311500	1147156	
15	0	1310644	1528224	0	0	1304424	0	0	0	0	1680892	294864	1344100	0	1568448	131396	0	1741452	0	822404	1317204	0	1770380	0	0	0	7500	0	0	0	
16	0	1323916	1596736	228136	920884	2242640	0	0	772128	1019180	1406092	1645520	1877620	0	1370640	1620200	0	1590832	0	1556728	1484364	1168604	1867172	0	0	1092172	0	0	0	0	
17	1694484	1964056	1339468	1025740	767840	1304996	1397384	0	1250988	1266192	1120672	1365140	1781344	0	1515164	1615620	0	0	261776	819524	1455404	1342200	1775120	1311720	1055356	1337480	874432	0	587744	1529380	
18	1206480	1633148	1690736	1373100	702796	1152432	1535840	1575356	1509420	1326892	1250520	1438648	1133936	449356	1822032	1170784	1003824	0	1587440	1401540	1747144	1839092	1147932	1127236	1518236	1487672	1558904	1311900	1510492	2032492	
19	1608192	1278472	1853428	1437604	1877960	1131992	1994740	1074976	1649640	1708692	1553452	1767608	1494380	1881152	1518296	1241384	1932132	1058092	1757064	1555580	1277500	2102712	1562892	1490864	1678696	1594008	1537436	1404176	1651592	1630556	
20	1720060	203840	1291948	78092	1538476	0	1497260	267880	1460660	1336632	1460556	1825656	1494804	503600	1743012	1350116	598452	1355772	181468	0	1624440	1836064	0	1179340	144996	1308572	943408	1825856	1717228	517296	
21	1326572	1203656	1312908	1600168	1273368	0	1464848	467964	1191572	1226984	457152	1431076	1699444	0	1236040	1728384	0	1468964	0	0	1924440	1679072	0	1210940	0	1199472	0	1973260	1282184	0	
22	1481256	1577652	1347064	1768316	2069820	1080868	1027856	1573628	1119548	860200	1002572	1443944	782892	0	1283252	1779664	184884	981980	2027044	739804	1329672	1216344	1098504	1820328	1117820	840588	0	1659724	0	0	
23	1922316	1682284	1094032	1427844	1408040	1620168	1304428	1261580	938360	1797520	1572972	1426304	1142496	1926516	1562372	1799220	1054260	1480828	1207300	1652500	1071552	865636	1403452	1222712	1643584	762640	0	500764	1209516	101572	
24	1103536	1537516	1727264	1340440	1213140	1695676	1277528	1810972	1199196	1834204	1603160	1323604	1466640	1208612	1026560	1376768	1644768	239268	1060484	1414168	1004792	871028	1157560	1060164	2194068	1448964	643356	2039092	1574388	1707092	
25	991800	0	741996	1191460	1075192	829904	1399380	1247384	1593580	2008768	1782588	1389924	1694064	456812	0	0	820952	1005560	207540	0	0	1426168	1498408	412360	1199000	419192	839696	1447336	1483652	1241692	
26	1524660	0	0	955964	990832	1605632	844332	1542220	1252396	1227196	696120	0	1413372	1441320	899260	0	1871264	1273068	0	0	0	1351504	1756208	1474652	1489952	0	0	1976484	1109936	678376	
27	1635068	1224384	0	2038276	1137572	1673064	0	1149900	1941496	0	0	745636	1489080	1462016	1877364	806276	1438616	1419960	683412	335696	0	1348008	1311936	1517872	897912	118324	1359436	1124244	0	1442648	
28	1071944	1774580	1334448	1789716	1344112	1811540	1100652	1225240	1921204	0	1243676	1283820	804048	1322908	1539952	1257596	1139940	1309868	2181600	1633156	848924	1647204	1788780	1187300	1589140	1615004	1548404	625820	0	1609880	
29	1166484	1759044	1311020	2011456	1498616	1691400	1246096	1636084	1191520	1259708	1859776	1270704	0	1358284	2480256	1082244	1716104	1676328	1520688	1337248	2070824	1524824	1581784	1682744	1236944	1219468	1934812	0	324668	1717908	
30	483152	1792228	1501124	2001532	671952	1529040	1634920	1657968	22864	1147904	1520596	982192	324736	1904656	901136	1484252	1487872	1723760	1275752	265988	1597608	1654696	807708	313268	2283464	1856616	804460	0	1027216	2030344	
31	155760	1285920	1618268	1509652	0	0	1373148	1304080	1484888	1143444	943968	0	1003204	1253960	307580	1218060	1257908	1822364	1371464	0	355048	1530944	0	0	1393556	1358488	0	561852	1651684	1488684	
32	1904372	1444456	1613624	1728260	0	0	1229696	1664524	1631464	1593724	1180008	695480	1300572	1633532	0	1204968	1667248	1811744	1416536	0	0	1421972	0	0	1740168	1663200	0	1784628	1479860	1661464	
33	1256280	860988	492880	1911068	0	35176	952548	731560	1274108	1117848	782872	1101024	1006416	1122480	0	1391764	1232492	1088100	632344	723248	0	822684	240496	1327904	1541580	1489072	0	1145408	1243252	1158696	
34	718456	569156	0	633412	641440	692336	100924	680928	555724	701388	0	729740	705552	733732	164020	825060	691260	674384	667716	686116	167860	0	402864	949280	893608	625364	0	530188	562672	631468	
35	672152	208828	0	419072	618048	673712	662628	165120	710388	749812	0	717324	697296	655184	628732	64092	273492	721644	364116	713248	740448	0	618240	229672	296972	245816	333060	216640	645732	679252	
36	607452	0	293608	655524	0	545424	647988	0	708628	708784	600784	650848	630920	730272	652392	0	0	756508	0	650600	581800	363116	241372	0	0	185756	188704	0	626128	88976	
37	527824	180120	567516	727316	375500	680276	456928	0	595080	644640	688932	508132	666276	629880	622484	0	0	690532	83852	703780	633692	629436	710864	139924	227664	536100	0	114528	444616	0	
38	549600	594608	334168	598504	613860	594836	306728	670616	653744	690472	670612	0	463080	549696	697444	680348	502084	572724	554148	697100	578444	694828	668456	684900	652488	483100	215296	703860	234952	0	
39	564192	521640	320408	677788	816436	564620	38176	579264	709824	730364	655184	0	0	514476	568292	595800	694464	165788	604932	569516	762416	39468	668368	630012	564452	606268	646468	698372	663376	541304	
40	635524	268660	700408	9000	653276	747272	557548	517128	312388	723740	601828	617684	0	230428	606428	209040	380528	0	357088	462488	763244	0	547244	654092	428372	316224	594420	582524	708376	690932	
41	675352	0	624880	229476	712096	243900	662556	607328	576724	687524	684920	620952	431456	0	565712	466488	0	0	0	0	636224	655072	576388	511192	115404	0	551592	600144	602424	625640	
42	0	228228	656528	510864	596640	277940	605696	709152	722856	582776	662660	669160	518848	0	536052	531252	0	98592	0	0	510420	614696	635224	595200	603716	0	563588	609220	377316	113392	
43	215352	604616	632284	608236	693964	611724	641348	573256	496500	664712	629960	657664	661908	408556	606944	626232	479380	561508	125396	339964	577744	453124	665848	647580	533848	291804	582836	608772	0	0	
44	633100	687452	709924	565916	544448	564064	545996	599496	687224	93216	680420	648792	628768	628068	658548	552056	598444	531284	621016	635852	669584	19864	633312	668912	576988	717984	724532	743320	467380	0	
45	535972	577040	727368	680580	492000	555420	552340	583816	295992	0	770296	716920	657316	262368	654952	544172	684468	0	567088	612560	616380	0	573324	288780	681420	712856	486456	711984	642484	289680	
46	695012	625896	550992	506384	490064	180980	659868	565068	137400	56540	500376	651536	585424	607332	158600	616228	674784	0	0	700696	632676	0	46664	638796	555856	189172	686788	744844	539892	639264	
47	594120	649580	645768	597320	756228	202516	599484	630068	744388	543248	596512	536260	606976	633016	0	624620	650652	170132	0	592168	0	554356	468692	592956	551356	0	651432	690400	648612	623908	
48	529352	658072	265916	612708	620136	618152	323060	587052	725564	551944	600576	692632	592252	646084	478616	618456	705368	607880	456552	584852	0	699912	579996	658576	560348	192224	675360	493140	110576	699624	
49	624016	643136	289976	634244	544244	563328	626164	612948	623216	713272	525012	659284	587952	539744	665320	580576	683084	593492	735992	693824	245296	599232	629588	530328	578076	590364	608808	607284	0	667156	
50	594968	608708	659916	507992	531880	584076	513732	498480	666488	475236	559964	682616	279532	656320	710016	249640	509156	605016	693532	522456	584404	541168	630420	675792	414872	598848	693844	282500	0	688884	
51	738040	415572	604948	695124	120112	576348	656560	729020	556132	0	613140	698876	0	630324	242400	497560	0	588192	649796	294272	658252	587016	86904	571416	286888	497016	229324	0	420968	632444	
52	409704	727500	701668	108112	619868	611952	729668	516964	568808	587264	538340	601148	316928	688928	0	567472	102320	670688	597516	0	0	566640	0	544400	593984	595796	0	0	647848	693540	
53	694928	578524	192484	606348	609192	537308	401052	577152	652900	754188	604284	686084	706056	651920	316792	744424	675520	602900	639140	42832	0	638264	143860	577348	629636	586776	0	166620	680896	736332	
54	616032	606512	0	614544	647836	580316	0	646396	589756	610036	169256	652872	592256	557428	639276	681032	577980	578932	709560	621888	0	612984	672512	629004	633636	619360	0	545468	574664	646620	
55	614908	581316	0	492976	601036	564848	0	678744	552784	655560	0	586752	649740	120528	694472	233868	176380	638076	583036	736524	598252	0	639228	186168	449112	554068	0	642360	607152	541640	
56	516048	0	606116	598036	661428	543788	495852	584588	680272	344200	0	582600	624560	0	637392	0	0	675544	707128	342856	686660	42832	201120	0	0	338512	0	19656	619036	611952	
57	259472	0	680296	0	52592	541332	657908	199768	585528	536496	395624	414968	692920	530684	555532	175712	0	557108	624284	0	697408	559140	0	0	0	0	326876	0	622140	273972	
58	197504	404624	255400	0	675532	648948	670348	216692	625876	624204	603528	0	564256	651932	683484	665848	0	601676	652504	440304	535244	638892	0	459976	274524	568848	364212	258180	538192	0	
59	600092	678576	0	0	679912	540820	680760	689940	587816	789420	691808	156780	576672	594600	544488	741680	0	611848	795940	627940	631296	631316	674272	551364	708108	622504	0	641328	153944	0	
60	613592	662348	387232	190776	604352	665664	425780	593432	360952	595452	169464	617392	292388	543352	533032	327596	309752	564916	588984	570404	652828	0	592808	270680	627172	645256	0	622160	660992	235056	
61	672388	566348	493236	606560	728460	628364	200808	628832	132960	0	680840	550808	662128	656952	683152	0	581416	550776	72832	343956	621524	0	607156	0	285760	308512	0	625972	645412	614012	
62	637452	527676	578640	455476	684524	602944	629708	566628	695544	267900	647440	638048	650228	232224	578536	36520	44228	660340	0	0	658368	140496	663652	44332	0	0	0	552880	558420	542368	
63	484148	633880	627020	533328	566520	264284	542696	658468	578352	537144	603152	714284	533484	0	568704	594568	41644	608500	0	0	620648	715632	686388	618204	0	0	197704	682672	600980	16500	
64	355392	693904	640572	599552	651212	688632	610704	167288	660420	594408	717548	577704	641688	341640	570736	652192	612940	631396	0	198388	692588	723116	577000	608692	0	478548	468664	717704	192276	0	
65	671140	680024	730000	632372	611848	670408	659616	521060	649096	516940	29488	242764	366188	539436	668492	549168	630100	97664	424432	616136	618368	54356	615996	654260	35280	633228	0	628200	0	0	
66	732844	391472	623504	652972	650640	750400	650092	603124	654428	0	666656	494468	0	755884	736876	611900	599060	0	600828	621508	553384	0	594484	736976	634420	480732	273024	378676	0	686980	
67	254360	0	866168	765692	753060	717656	758300	721840	768392	0	623000	632172	0	718436	450396	662472	681384	0	0	603420	274680	415804	560332	645168	541600	0	604908	499536	683528	698752	
68	176952	15640	83340	547988	363084	681712	587784	555500	103224	290236	115028	311744	73572	402308	46728	371144	431940	0	0	654084	0	533032	122328	825116	712812	0	635676	719576	389388	679456	
69	159060	112480	0	99840	114612	113980	114756	107256	109480	107000	116988	108468	109480	114684	0	70628	114172	109940	0	206384	0	114468	113472	104580	354076	0	111468	144792	122256	93672	
70	80500	107916	0	108172	95964	106224	59892	114444	71944	110040	108836	31224	100096	101964	43972	73364	101660	56240	32588	101468	88104	111396	111756	92748	111756	0	119400	103236	98892	117468	
71	69816	62560	0	110040	104996	118608	0	107916	0	117900	119824	37728	0	117300	112160	84584	106288	0	95532	107980	106896	110012	78600	0	97464	115824	111108	64700	101708	122456	
72	44160	0	102064	89604	9432	103032	0	114172	29716	12576	93092	114756	0	105324	106872	91956	15576	106352	107660	46920	70740	109968	0	0	0	111612	127756	0	119088	103568	
73	0	0	106352	0	22296	18768	91104	109480	108840	0	102772	119472	71944	11004	84640	70636	0	101788	115736	0	0	103752	0	53448	29868	119472	115348	0	109960	31368	
74	7716	0	65968	60780	117460	0	110040	37536	110916	0	109020	114756	92404	20292	110448	93392	50256	109480	106480	78200	0	108396	56432	103752	113184	106896	89868	60828	37524	0	
75	83388	54164	0	111540	115904	0	116328	0	118608	108468	3160	47048	120236	114260	109408	90712	109968	118864	108504	100052	89604	15640	118800	102036	116328	100304	0	104228	0	45588	
76	83172	116080	0	111540	104916	52920	110040	0	4756	117380	32796	0	104828	117300	0	0	121044	103328	114300	106976	105188	10948	104468	0	86156	115148	0	110100	0	113100	
77	117684	105372	59736	100360	86980	117620	112608	102268	69384	111044	111500	0	111684	104532	0	0	9432	95852	56304	39728	104788	125108	12440	0	0	64144	0	19280	0	107724	
78	109508	35124	112800	114464	51832	119464	31472	113028	106896	114840	109632	82456	114828	9256	74944	117828	0	101184	0	0	24936	104244	0	15604	120428	0	0	0	117300	34464	
79	106820	91456	112288	65644	111476	14148	0	77800	116184	116028	109488	111632	97392	0	106288	111684	18768	112924	23580	0	105684	105268	78908	104392	107164	21364	71100	59960	50048	0	
80	106820	115620	109160	0	108916	0	0	0	110008	110968	4740	47280	111020	12640	95468	89532	114172	51384	117900	109976	109220	19864	118180	97676	112976	107252	84792	117080	0	0	
81	106224	109020	110124	0	118180	70668	93300	85404	110916	111940	0	0	37536	107360	0	0	104216	0	121116	100456	118260	0	107360	69520	81488	118800	0	107680	0	0	
82	107440	111940	45780	58460	107440	105096	112100	106820	106480	47160	114860	0	0	120080	0	0	60988	41160	66024	114580	99540	55300	11140	0	94800	68752	0	118420	105860	80580	
83	0	28440	0	118500	23700	110980	96380	105320	109532	66360	112340	20540	0	105860	0	0	0	118500	0	0	0	112180	0	0	127980	0	0	110520	93220	117720	
84	0	0	0	101304	113760	121672	0	108476	117424	123240	114160	105540	86956	115340	63424	86548	0	104200	0	0	0	123240	0	22120	99540	44744	39624	102380	105860	9156	
85	56720	44240	0	104784	114204	119944	11060	97560	106872	101600	109872	107040	99424	113760	99216	114476	79352	61540	0	0	41064	17380	72480	123240	110600	112976	76248	99356	105620	0	
86	111132	115340	22968	86852	112872	52040	112180	10656	102268	113624	106976	114908	94560	0	0	41280	109872	0	107988	62592	109664	0	96372	82088	110360	100612	0	106820	109500	61040	
87	120580	107788	117424	114528	108372	0	110604	0	107960	104400	59540	118116	20280	100976	0	0	108372	0	99016	115924	96164	100000	105372	0	12640	88560	0	19864	104520	108216	
88	45832	31280	112976	111476	106924	0	105320	53436	103872	70248	0	112768	110348	102112	10760	47280	117528	90776	0	106872	0	105268	102320	105112	0	0	0	0	105504	103716	
89	0	62560	116028	102268	0	0	100612	108216	114372	0	13708	12208	111900	108320	106924	108424	122028	114492	0	109924	0	111424	100612	105424	48832	0	19812	0	70248	100560	
90	80904	99248	119028	7604	0	68696	112872	108372	93060	0	115976	0	117996	102268	111320	108268	108268	111044	82352	109872	90008	30520	120528	109872	106872	3052	105424	108372	1552	112872	
91	105268	117528	88456	0	0	120580	29020	38124	47384	67144	117528	44332	103872	0	99060	108372	112872	17012	105216	109820	108424	0	103924	76248	112924	100612	115924	114476	0	117528	
92	74696	117476	108424	0	102164	109924	79352	0	114372	117528	94664	109924	15156	0	102268	108268	83852	0	109820	111372	114528	12260	54936	0	76352	106924	3052	70196	16812	109872	
93	16812	93008	112976	88664	105164	100716	111320	24468	112924	99216	36624	109820	0	82300	97716	108372	0	0	122132	47332	103716	92800	0	0	0	65644	51832	106872	111320	111320	
94	0	84008	32072	117632	51936	111424	109872	111424	102112	0	109924	120528	3052	105424	62592	105268	0	100716	111424	0	111372	112872	0	0	16812	114424	103612	113028	108216	25916	
95	1552	0	0	74852	0	111320	105268	115924	114476	10708	103716	112820	123580	107028	0	105372	38176	126632	119028	0	109976	109872	82300	16812	106664	108320	108216	106768	112872	0	
96	106612	0	0	114320	36624	118976	28968	102268	105216	117372	108372	99060	100664	3000	0	74800	105320	96112	105372	93112	102164	108268	111372	112820	105216	113028	105216	114476	24364	29020	
97	105112	33520	80956	114476	108268	33624	19864	97768	99060	112976	117580	115924	108476	102320	103888	0	114528	106716	117424	111476	96164	100820	91612	106768	93008	117476	9156	32020	106664	109872	
98	112976	70144	108372	106820	108320	0	111320	106820	108756	115976	99216	106872	22916	99164	109820	0	59436	118976	27468	82300	0	108424	0	106768	0	45780	0	0	119080	119028	
99	7604	94560	82456	114528	76196	36572	111580	0	94560	108372	0	41228	0	108372	67144	0	0	108372	0	15260	0	114476	0	97612	0	0	0	0	114476	26020	
100	48832	30572	76248	61040	0	94892	117476	0	108372	116080	0	0	0	112820	0	41228	0	112924	0	97768	27468	48884	65644	94612	73248	0	96112	93164	117528	0	
101	108268	0	114424	42780	88508	114424	119028	33572	59644	42676	0	0	62592	15208	0	109924	91612	51832	99112	103768	109924	0	111424	108372	103716	35124	112976	111424	1552	0	
102	90008	0	102164	106820	103872	68644	103664	105320	0	0	61040	103872	103716	0	56436	102320	105320	0	103768	105268	109768	0	106820	56436	103820	117424	38228	115148	0	105372	
103	102268	4552	117580	108216	96164	108268	3052	94560	100820	0	109872	115924	100560	0	109976	15208	64092	0	41176	77904	27364	47592	26020	0	108372	88664	0	15260	68644	106768	
104	3052	105372	82456	99164	87008	106872	0	0	96216	0	57936	64040	0	59540	106664	0	0	0	0	0	0	61248	0	0	106820	115924	0	0	102164	53384	
105	42624	62540	94140	68696	0	108320	44280	0	112924	80904	0	0	22916	62644	41228	33624	0	68748	0	0	87008	46040	0	58040	96112	115872	0	3052	118924	0	
106	103820	10760	114372	0	0	108372	100508	48832	77904	44332	114476	0	102164	0	106872	106396	21312	70300	68748	0	85456	91560	0	91508	82352	109820	0	97664	16760	0	
107	91456	114424	106820	0	0	44228	80956	13760	0	0	116028	0	117476	0	116028	105268	114476	0	117476	0	0	74748	0	0	0	65644	0	122080	0	57936	
108	91664	112872	27468	0	0	0	0	0	0	0	21416	0	106872	0	12208	18312	117380	0	91508	0	0	96112	0	0	0	0	0	48780	0	106820	
109	0	39780	0	0	0	0	0	0	0	0	0	0	1552	0	0	0	29540	0	0	0	0	0	0	0	0	0	0	0	0	1552	
110	0	0	0	0	0	0	0	0	0	0	0	0	0	0	0	0	0	0	0	0	0	0	0	0	0	0	0	0	0	0	
111	0	0	0	0	0	0	0	0	0	0	0	0	0	0	0	0	0	0	0	0	0	0	0	0	0	0	0	0	0	0	
112	0	0	0	0	0	0	0	0	0	0	0	0	0	0	0	0	0	0	0	0	0	0	0	0	0	0	0	0	0	0	
113	0	0	0	0	0	0	0	0	0	0	0	0	0	0	0	0	0	0	0	0	0	0	0	0	0	0	0	0	0	0	
114	0	0	0	0	0	0	0	0	0	0	0	0	0	0	0	0	0	0	0	0	0	0	0	0	0	0	0	0	0	0	
115	0	0	0	0	0	0	0	0	0	0	0	0	0	0	0	0	0	0	0	0	0	0	0	0	0	0	0	0	0	0	
116	0	0	0	0	0	0	0	0	0	0	0	0	0	0	0	0	0	0	0	0	0	0	0	0	0	0	0	0	0	0	
117	0	0	0	0	0	0	0	0	0	0	0	0	0	0	0	0	0	0	0	0	0	0	0	0	0	0	0	0	0	0	
118	0	0	0	0	0	0	0	0	0	0	0	0	0	0	0	0	0	0	0	0	0	0	0	0	0	0	0	0	0	0	
119	0	0	0	0	0	0	0	0	0	0	0	0	0	0	0	0	0	0	0	0	0	0	0	0	0	0	0	0	0	0	
120	0	0	0	0	0	0	0	0	0	0	0	0	0	0	0	0	0	0	0	0	0	0	0	0	0	0	0	0	0	0	
121	0	0	0	0	0	0	0	0	0	0	0	0	0	0	0	0	0	0	0	0	0	0	0	0	0	0	0	0	0	0	
122	0	0	0	0	0	0	0	0	0	0	0	0	0	0	0	0	0	0	0	0	0	0	0	0	0	0	0	0	0	0	
123	0	0	0	0	0	0	0	0	0	0	0	0	0	0	0	0	0	0	0	0	0	0	0	0	0	0	0	0	0	0	
124	0	0	0	0	0	0	0	0	0	0	0	0	0	0	0	0	0	0	0	0	0	0	0	0	0	0	0	0	0	0	
125	0	0	0	0	0	0	0	0	0	0	0	0	0	0	0	0	0	0	0	0	0	0	0	0	0	0	0	0	0	0	
126	0	0	0	0	0	0	0	0	0	0	0	0	0	0	0	0	0	0	0	0	0	0	0	0	0	0	0	0	0	0	
127	0	0	0	0	0	0	0	0	0	0	0	0	0	0	0	0	0	0	0	0	0	0	0	0	0	0	0	0	0	0	
128	0	0	0	0	0	0	0	0	0	0	0	0	0	0	0	0	0	0	0	0	0	0	0	0	0	0	0	0	0	0	
129	0	0	0	0	0	0	0	0	0	0	0	0	0	0	0	0	0	0	0	0	0	0	0	0	0	0	0	0	0	0	
130	0	0	0	0	0	0	0	0	0	0	0	0	0	0	0	0	0	0	0	0	0	0	0	0	0	0	0	0	0	0	
131	0	0	0	0	0	0	0	0	0	0	0	0	0	0	0	0	0	0	0	0	0	0	0	0	0	0	0	0	0	0	
132	0	0	0	0	0	0	0	0	0	0	0	0	0	0	0	0	0	0	0	0	0	0	0	0	0	0	0	0	0	0	
133	0	0	0	0	0	0	0	0	0	0	0	0	0	0	0	0	0	0	0	0	0	0	0	0	0	0	0	0	0	0	
134	0	0	0	0	0	0	0	0	0	0	0	0	0	0	0	0	0	0	0	0	0	0	0	0	0	0	0	0	32256	0	
135	0	0	0	0	0	0	0	0	0	0	0	0	0	0	0	0	0	0	0	0	0	0	0	0	0	0	0	0	-	0	
136	0	0	0	0	0	0	0	0	0	0	0	0	0	0	0	0	0	0	0	0	0	0	0	0	0	0	0	0	-	0	
137	0	0	0	0	0	0	0	0	0	0	0	0	0	0	0	0	0	0	0	0	0	0	0	0	0	0	0	0	-	0	
138	0	0	0	0	0	0	0	0	0	0	0	0	0	0	0	0	0	0	0	0	0	0	0	0	0	0	0	0	-	0	
139	1333172	0	0	0	0	0	0	0	0	0	0	0	0	0	0	0	0	0	0	0	0	0	0	28012	0	0	0	0	-	0	
140	0	0	852700	0	0	0	0	0	0	0	0	0	0	0	0	0	0	0	0	0	1162440	0	0	0	0	0	0	0	-	0	
141	0	0	-	0	0	0	0	0	76664	0	0	0	0	0	0	0	0	0	0	0	-	0	0	0	0	0	0	0	-	0	
142	0	0	-	0	0	0	0	0	670420	0	0	0	0	0	0	0	0	0	0	0	-	0	0	0	0	1041788	0	0	-	0	
143	0	0	-	0	0	99476	0	0	-	84444	0	0	574152	0	751736	0	0	0	0	0	-	0	0	119080	1121432	-	0	0	-	0	
144	49080	0	-	791276	0	1019396	0	0	-	907776	0	0	-	0	170488	264248	0	0	0	0	-	0	0	-	-	-	0	0	-	0	
145	-	0	-	-	0	-	0	0	-	-	949624	0	-	0	-	591040	309968	0	0	0	-	0	0	-	-	-	0	0	-	0	
146	-	0	-	-	0	-	0	0	-	-	-	0	-	0	-	-	482348	0	639944	0	-	0	0	-	-	-	0	0	-	1554260	
147	-	0	-	-	0	-	1271020	0	-	-	-	0	-	0	-	-	-	0	298556	194840	-	0	0	-	-	-	0	0	-	0	
148	-	0	-	-	0	-	0	0	-	-	-	0	-	0	-	-	-	0	-	876780	-	0	0	-	-	-	0	0	-	0	
149	-	0	-	-	885780	-	0	0	-	-	-	0	-	0	-	-	-	0	-	-	-	1003120	0	-	-	-	0	0	-	0	
150	-	0	-	-	-	-	0	0	-	-	-	0	-	0	-	-	-	0	-	-	-	-	0	-	-	-	0	0	-	0	
151	-	0	-	-	-	-	0	0	-	-	-	0	-	0	-	-	-	0	-	-	-	-	0	-	-	-	0	0	-	330948	
152	-	0	-	-	-	-	22256	0	-	-	-	0	-	0	-	-	-	0	-	-	-	-	0	-	-	-	0	0	-	-	
153	-	0	-	-	-	-	-	0	-	-	-	0	-	0	-	-	-	0	-	-	-	-	0	-	-	-	0	0	-	-	
154	-	0	-	-	-	-	-	0	-	-	-	0	-	0	-	-	-	0	-	-	-	-	0	-	-	-	0	0	-	-	
155	-	849324	-	-	-	-	-	0	-	-	-	0	-	0	-	-	-	0	-	-	-	-	0	-	-	-	0	0	-	-	
156	-	-	-	-	-	-	-	0	-	-	-	0	-	0	-	-	-	1151412	-	-	-	-	0	-	-	-	0	0	-	-	
157	-	-	-	-	-	-	-	1095880	-	-	-	0	-	0	-	-	-	-	-	-	-	-	0	-	-	-	0	0	-	-	
158	-	-	-	-	-	-	-	0	-	-	-	0	-	0	-	-	-	-	-	-	-	-	0	-	-	-	0	855824	-	-	
159	-	-	-	-	-	-	-	0	-	-	-	0	-	0	-	-	-	-	-	-	-	-	0	-	-	-	0	-	-	-	
160	-	-	-	-	-	-	-	0	-	-	-	0	-	0	-	-	-	-	-	-	-	-	0	-	-	-	0	-	-	-	
161	-	-	-	-	-	-	-	752	-	-	-	0	-	0	-	-	-	-	-	-	-	-	0	-	-	-	0	-	-	-	
162	-	-	-	-	-	-	-	-	-	-	-	0	-	0	-	-	-	-	-	-	-	-	0	-	-	-	0	-	-	-	
163	-	-	-	-	-	-	-	-	-	-	-	0	-	0	-	-	-	-	-	-	-	-	0	-	-	-	0	-	-	-	
164	-	-	-	-	-	-	-	-	-	-	-	0	-	0	-	-	-	-	-	-	-	-	0	-	-	-	0	-	-	-	
165	-	-	-	-	-	-	-	-	-	-	-	0	-	0	-	-	-	-	-	-	-	-	0	-	-	-	0	-	-	-	
166	-	-	-	-	-	-	-	-	-	-	-	0	-	0	-	-	-	-	-	-	-	-	124820	-	-	-	0	-	-	-	
167	-	-	-	-	-	-	-	-	-	-	-	0	-	0	-	-	-	-	-	-	-	-	722172	-	-	-	0	-	-	-	
168	-	-	-	-	-	-	-	-	-	-	-	0	-	0	-	-	-	-	-	-	-	-	-	-	-	-	970100	-	-	-	
169	-	-	-	-	-	-	-	-	-	-	-	0	-	0	-	-	-	-	-	-	-	-	-	-	-	-	-	-	-	-	
170	-	-	-	-	-	-	-	-	-	-	-	0	-	391824	-	-	-	-	-	-	-	-	-	-	-	-	-	-	-	-	
171	-	-	-	-	-	-	-	-	-	-	-	0	-	472640	-	-	-	-	-	-	-	-	-	-	-	-	-	-	-	-	
172	-	-	-	-	-	-	-	-	-	-	-	0	-	-	-	-	-	-	-	-	-	-	-	-	-	-	-	-	-	-	
173	-	-	-	-	-	-	-	-	-	-	-	0	-	-	-	-	-	-	-	-	-	-	-	-	-	-	-	-	-	-	
174	-	-	-	-	-	-	-	-	-	-	-	0	-	-	-	-	-	-	-	-	-	-	-	-	-	-	-	-	-	-	
175	-	-	-	-	-	-	-	-	-	-	-	1103216	-	-	-	-	-	-	-	-	-	-	-	-	-	-	-	-	-	-	
